"abs_median","abs_low","abs_high","pct_median","pct_low","pct_high"
-0.0300800472762117,-0.04130160409873,-0.0195564211055378,-33.9250536927107,-43.1738835150344,-23.8754226495389
