"growth_median","growth_low","growth_high"
-1.78552174939541,-2.42733367673816,-1.17907642803489
